---
pt_br:
  date:
    abbr_day_names:
    - Dom
    - Seg
    - Ter
    - Qua
    - Qui
    - Sex
    - Sáb
    abbr_month_names:
    -
    - Jan
    - Fev
    - Mar
    - Abr
    - Mai
    - Jun
    - Jul
    - Ago
    - Set
    - Out
    - Nov
    - Dez
    day_names:
    - Domingo
    - Segunda-feira
    - Terça-feira
    - Quarta-feira
    - Quinta-feira
    - Sexta-feira
    - Sábado
    formats:
      default: "%d/%m/%Y"
      long: "%d de %B de %Y"
      short: "%d de %B"
    month_names:
    -
    - Janeiro
    - Fevereiro
    - Março
    - Abril
    - Maio
    - Junho
    - Julho
    - Agosto
    - Setembro
    - Outubro
    - Novembro
    - Dezembro
    order:
    - :day
    - :month
    - :year
